count,distrbution
950767526,26.890086970667422
1401542406,39.639129608238704
804566737,22.755162476632695
287908652,8.142777787603592
73995799,2.0927865289480083
16973625,0.4800566279095809
